taxi_data_group_t.payment_type,taxi_data_group_t.tpep_pickup_dt,taxi_data_group_t.tip_amount_avg,taxi_data_group_t.passenger_count_total
Cash,2020-01-01,5.129081894340913E-5,200274
Cash,2020-01-02,5.719104007038897E-5,179536
Cash,2020-01-03,3.2553571428571424E-4,182182
Cash,2020-01-04,2.4270336458504665E-4,181998
Cash,2020-01-05,7.263455605073705E-5,151070
Cash,2020-01-06,2.2024912719279343E-4,141434
Cash,2020-01-07,3.211453290761149E-4,146796
Cash,2020-01-08,1.1352515169309062E-4,154330
Cash,2020-01-09,3.252201127429723E-4,159298
Cash,2020-01-10,3.707512246195266E-4,163656
Cash,2020-01-11,2.6943719176095155E-4,178002
Cash,2020-01-12,7.1582101218003E-4,145270
Cash,2020-01-13,3.2284932376155153E-4,149760
Cash,2020-01-14,6.833391318584616E-4,146804
Cash,2020-01-15,2.9038220738178996E-4,150700
Cash,2020-01-16,4.0590062689510196E-4,161816
Cash,2020-01-17,3.030665413854959E-4,179596
Cash,2020-01-18,2.0681197391158926E-4,174344
Cash,2020-01-19,1.4070928968473736E-4,158100
Cash,2020-01-20,3.5164417411138565E-4,130742
Cash,2020-01-21,3.3662075148748876E-4,147470
Cash,2020-01-22,2.819170358437374E-4,148644
Cash,2020-01-23,2.8590514362057445E-4,158918
Cash,2020-01-24,7.603929920005725E-4,171688
Cash,2020-01-25,6.6866182129115E-5,189904
Cash,2020-01-26,2.3529166579830356E-4,153242
Cash,2020-01-27,3.4754711936906826E-4,135470
Cash,2020-01-28,5.790907964821007E-4,145044
Cash,2020-01-29,0.001247065490164333,147672
Cash,2020-01-30,3.693719529681675E-4,155790
Cash,2020-01-31,4.0120232400432546E-4,166336
Cash,2020-02-01,2.954387415662764E-4,170010
Cash,2020-02-02,5.284032753326509E-4,147332
Cash,2020-02-03,2.925241450200227E-4,139596
Cash,2020-02-04,2.7235483466410263E-4,142788
Cash,2020-02-05,2.7307216327524295E-4,147464
Cash,2020-02-06,3.3050139004996403E-4,154966
Cash,2020-02-07,9.404276621611957E-5,170676
Cash,2020-02-08,3.3731272984185073E-4,175022
Cash,2020-02-09,3.6539139633286324E-4,144096
Cash,2020-02-10,7.265860717144558E-4,146920
Cash,2020-02-11,8.626588972067271E-5,143932
Cash,2020-02-12,2.9539311203158125E-4,153246
Cash,2020-02-13,2.0813020325508136E-4,160230
Cash,2020-02-14,1.749144701970799E-4,191548
Cash,2020-02-15,2.491962782153124E-4,190330
Cash,2020-02-16,3.923151771111524E-4,157982
Cash,2020-02-17,3.631392113594934E-4,131412
Cash,2020-02-18,1.2688666079824806E-4,142948
Cash,2020-02-19,1.7943234836702954E-4,156940
Cash,2020-02-20,2.3679516581121912E-4,167528
Cash,2020-02-21,0.0010479173632252272,176382
Cash,2020-02-22,8.805820827648933E-4,176520
Cash,2020-02-23,7.961314289374239E-4,148682
Cash,2020-02-24,4.3945499904049127E-4,140732
Cash,2020-02-25,1.669549824998994E-4,149714
Cash,2020-02-26,2.271994843699645E-4,146938
Cash,2020-02-27,2.842606507215151E-4,165016
Cash,2020-02-28,5.058992706041337E-4,175534
Cash,2020-02-29,1.6942547820341222E-5,187296
Cash,2020-03-01,1.8191780821917805E-4,143320
Cash,2020-03-02,9.464141733312994E-4,138092
Cash,2020-03-03,2.8461429924815055E-4,147818
Cash,2020-03-04,5.010923813914333E-5,148302
Cash,2020-03-05,3.645374870833174E-4,156378
Cash,2020-03-06,8.120478369998524E-5,164294
Cash,2020-03-07,5.07913281219916E-4,165016
Cash,2020-03-08,1.1292376444583263E-4,131062
Cash,2020-03-09,3.2711290438792415E-4,124704
Cash,2020-03-10,5.5340276095907E-4,122418
Cash,2020-03-11,5.127310777816534E-4,119042
Cash,2020-03-12,3.8671710802858344E-4,112734
Cash,2020-03-13,0.008648737782574804,99946
Cash,2020-03-14,5.418448620865539E-4,78404
Cash,2020-03-15,0.0,54516
Cash,2020-03-16,3.772474315068493E-4,53472
Cash,2020-03-17,2.2271714922048998E-4,37314
Cash,2020-03-18,0.0,30676
Cash,2020-03-19,1.4537107880642695E-4,24952
Cash,2020-03-20,0.0,24724
Cash,2020-03-21,0.0017195268301045774,15652
Cash,2020-03-22,0.0,9876
Cash,2020-03-23,0.0,11706
Cash,2020-03-24,8.033106134371957E-5,10808
Cash,2020-03-25,0.0,9864
Cash,2020-03-26,0.0,10090
Cash,2020-03-27,0.0,11596
Cash,2020-03-28,0.0,7762
Cash,2020-03-29,0.0016177957532861476,5018
Cash,2020-03-30,0.0,8736
Cash,2020-03-31,0.0,8490
Cash,2020-04-01,0.0,9066
Cash,2020-04-02,0.0,8220
Cash,2020-04-03,0.0,9924
Cash,2020-04-04,0.0,6598
Cash,2020-04-05,0.0,4638
Cash,2020-04-06,8.176100628930818E-4,7856
Cash,2020-04-07,0.0016445993031358886,7354
Cash,2020-04-08,8.486562942008486E-4,7370
Cash,2020-04-09,0.0,7130
Cash,2020-04-10,0.0,7952
Cash,2020-04-11,0.0,6258
Cash,2020-04-12,0.0,3858
Cash,2020-04-13,0.0,6566
Cash,2020-04-14,6.7819599864360805E-6,7770
Cash,2020-04-15,0.0,7584
Cash,2020-04-16,0.0,7748
Cash,2020-04-17,0.0,8958
Cash,2020-04-18,0.0,5742
Cash,2020-04-19,0.0,4264
Cash,2020-04-20,1.531133038448452E-4,7958
Cash,2020-04-21,0.0,7316
Cash,2020-04-22,0.0,8052
Cash,2020-04-23,0.0,8192
Cash,2020-04-24,1.2457178449081283E-4,8556
Cash,2020-04-25,0.0,6790
Cash,2020-04-26,0.0,4068
Cash,2020-04-27,0.0,7710
Cash,2020-04-28,0.0010331872260488416,8472
Cash,2020-04-29,0.0,8292
Cash,2020-04-30,0.0,7876
Cash,2020-05-01,0.0,10448
Cash,2020-05-02,0.0,7740
Cash,2020-05-03,0.0,5718
Cash,2020-05-04,0.0,9664
Cash,2020-05-05,0.0,9460
Cash,2020-05-06,0.0,9556
Cash,2020-05-07,5.647569915829487E-4,9624
Cash,2020-05-08,0.0,10042
Cash,2020-05-09,0.0,7024
Cash,2020-05-10,0.0029711375212224107,6218
Cash,2020-05-11,0.0,9086
Cash,2020-05-12,0.0,8990
Cash,2020-05-13,0.0,9906
Cash,2020-05-14,5.601659751037345E-4,10160
Cash,2020-05-15,0.0,10608
Cash,2020-05-16,0.0,8410
Cash,2020-05-17,0.0,5796
Cash,2020-05-18,5.699088145896656E-4,10464
Cash,2020-05-19,0.0,10878
Cash,2020-05-20,0.0,11226
Cash,2020-05-21,0.0,11158
Cash,2020-05-22,0.0,11974
Cash,2020-05-23,0.0,7466
Cash,2020-05-24,8.051529790660226E-6,6470
Cash,2020-05-25,0.005193830762817841,6518
Cash,2020-05-26,0.0,11514
Cash,2020-05-27,2.9214455745509634E-4,12692
Cash,2020-05-28,0.0,11686
Cash,2020-05-29,5.945378151260504E-4,13272
Cash,2020-05-30,0.0,9976
Cash,2020-05-31,4.7351806383725013E-4,7542
Cash,2020-06-01,0.0,13650
Cash,2020-06-02,0.0,12850
Cash,2020-06-03,0.0,12850
Cash,2020-06-04,0.0,13230
Cash,2020-06-05,0.0,13634
Cash,2020-06-06,0.0,9656
Cash,2020-06-07,0.0,7892
Cash,2020-06-08,2.672367717797969E-4,15378
Cash,2020-06-09,0.0,15312
Cash,2020-06-10,5.229681978798586E-4,14892
Cash,2020-06-11,0.0,15168
Cash,2020-06-12,0.0,16922
Cash,2020-06-13,0.0019425127491886883,12150
Cash,2020-06-14,5.250154416306361E-4,8542
Cash,2020-06-15,0.0,15692
Cash,2020-06-16,3.7204788094467807E-4,17010
Cash,2020-06-17,0.0,17034
Cash,2020-06-18,0.0,16936
Cash,2020-06-19,1.5441630636195183E-4,17726
Cash,2020-06-20,0.0,12754
Cash,2020-06-21,3.3171521035598703E-4,10384
Cash,2020-06-22,0.003158040409631885,20634
Cash,2020-06-23,0.0,20622
Cash,2020-06-24,7.187129104576026E-4,20858
Cash,2020-06-25,1.1135012020751614E-4,22210
Cash,2020-06-26,0.0,22212
Cash,2020-06-27,1.8964536317087047E-4,14674
Cash,2020-06-28,0.0,12196
Cash,2020-06-29,6.280641314429575E-4,21652
Cash,2020-06-30,0.002186836518046709,20986
Cash,2020-07-01,0.0,22200
Cash,2020-07-02,0.0,23250
Cash,2020-07-03,0.0,19512
Cash,2020-07-04,0.0,13190
Cash,2020-07-05,0.0,12642
Cash,2020-07-06,4.015221099593229E-4,21418
Cash,2020-07-07,3.070011231748409E-4,22530
Cash,2020-07-08,6.925207756232688E-5,22250
Cash,2020-07-09,4.739553520320549E-4,24446
Cash,2020-07-10,6.126400221269534E-4,20126
Cash,2020-07-11,0.0,15622
Cash,2020-07-12,0.0012116316639741518,14190
Cash,2020-07-13,5.335309373842164E-4,23082
Cash,2020-07-14,0.0,23322
Cash,2020-07-15,0.0,23478
Cash,2020-07-16,0.0010616913123844731,24112
Cash,2020-07-17,0.0,22618
Cash,2020-07-18,0.0,17860
Cash,2020-07-19,5.193751268005681E-4,13804
Cash,2020-07-20,0.0,22312
Cash,2020-07-21,0.0,24252
Cash,2020-07-22,4.594867197131009E-4,24798
Cash,2020-07-23,1.1580775911986103E-4,23888
Cash,2020-07-24,0.0,23434
Cash,2020-07-25,8.130999435347261E-4,20028
Cash,2020-07-26,0.0,14524
Cash,2020-07-27,3.158378316297232E-4,24146
Cash,2020-07-28,6.192560175054705E-4,25632
Cash,2020-07-29,0.0,27462
Cash,2020-07-30,0.0,27450
Cash,2020-07-31,0.0,26572
Cash,2020-08-01,0.0,23660
Cash,2020-08-02,4.876325088339223E-4,15792
Cash,2020-08-03,0.0,28534
Cash,2020-08-04,0.0,21716
Cash,2020-08-05,0.0,30082
Cash,2020-08-06,9.573042312847023E-5,29302
Cash,2020-08-07,0.0,29464
Cash,2020-08-08,0.0,23196
Cash,2020-08-09,0.0,17996
Cash,2020-08-10,4.007231093702923E-4,28306
Cash,2020-08-11,0.0,29490
Cash,2020-08-12,0.0,29076
Cash,2020-08-13,4.8316991812392604E-4,27960
Cash,2020-08-14,0.0,29312
Cash,2020-08-15,4.6758032937924674E-4,25614
Cash,2020-08-16,0.0,15774
Cash,2020-08-17,0.0012736535662299854,27994
Cash,2020-08-18,3.900200745626613E-4,30048
Cash,2020-08-19,1.7423337315810433E-4,28602
Cash,2020-08-20,0.0,29714
Cash,2020-08-21,0.0,30930
Cash,2020-08-22,2.5684736901920673E-4,25796
Cash,2020-08-23,0.0,18432
Cash,2020-08-24,4.7489138122663437E-4,28710
Cash,2020-08-25,0.0,30434
Cash,2020-08-26,0.0,30786
Cash,2020-08-27,0.0,29738
Cash,2020-08-28,0.0,30860
Cash,2020-08-29,5.549027288157723E-4,22066
Cash,2020-08-30,0.0,21288
Cash,2020-08-31,0.0,29692
Cash,2020-09-01,0.0,31604
Cash,2020-09-02,0.0,32098
Cash,2020-09-03,0.0,34036
Cash,2020-09-04,5.051102289044682E-4,34186
Cash,2020-09-05,0.0,28336
Cash,2020-09-06,0.0,23020
Cash,2020-09-07,0.0,20578
Cash,2020-09-08,0.0,34594
Cash,2020-09-09,0.0,36382
Cash,2020-09-10,0.0,33384
Cash,2020-09-11,5.5124346586409E-4,35940
Cash,2020-09-12,4.758350438514648E-4,31158
Cash,2020-09-13,1.320306311064167E-4,22326
Cash,2020-09-14,3.3738191632928474E-4,33858
Cash,2020-09-15,4.1158288596063116E-4,35082
Cash,2020-09-16,0.0,34438
Cash,2020-09-17,1.5215355805243445E-4,36296
Cash,2020-09-18,5.363282145312857E-4,37364
Cash,2020-09-19,1.0407157202848274E-4,32630
Cash,2020-09-20,1.8410737617294217E-4,24632
Cash,2020-09-21,1.5664477008590197E-4,33916
Cash,2020-09-22,0.0,35436
Cash,2020-09-23,0.0,38158
Cash,2020-09-24,1.490646195125587E-4,37702
Cash,2020-09-25,0.0014971290848514922,40612
Cash,2020-09-26,0.0,34708
Cash,2020-09-27,0.0,26108
Cash,2020-09-28,0.0,31308
Cash,2020-09-29,0.0,37372
Cash,2020-09-30,0.0,38118
Cash,2020-10-01,0.0,41828
Cash,2020-10-02,1.1723163841807909E-4,40680
Cash,2020-10-03,2.0293680910740802E-4,36638
Cash,2020-10-04,3.320860617399439E-4,25060
Cash,2020-10-05,7.037457434733257E-4,35202
Cash,2020-10-06,0.0,37170
Cash,2020-10-07,3.385377570935295E-4,38502
Cash,2020-10-08,4.2057402671213413E-4,40654
Cash,2020-10-09,0.0,39882
Cash,2020-10-10,0.0,35214
Cash,2020-10-11,0.0,25142
Cash,2020-10-12,3.445030120481928E-4,30562
Cash,2020-10-13,1.1416060677144421E-4,36334
Cash,2020-10-14,1.22473070680242E-4,38924
Cash,2020-10-15,0.0,41540
Cash,2020-10-16,0.0,37456
Cash,2020-10-17,0.0,36188
Cash,2020-10-18,0.001699803364649334,26412
Cash,2020-10-19,2.3668639053254436E-6,36472
Cash,2020-10-20,6.955059614796698E-5,37354
Cash,2020-10-21,0.0,37926
Cash,2020-10-22,1.4308198597796538E-4,39878
Cash,2020-10-23,0.0010918997457319288,39212
Cash,2020-10-24,0.0,35520
Cash,2020-10-25,2.1219010501244992E-4,27152
Cash,2020-10-26,0.0,36012
Cash,2020-10-27,0.0,38608
Cash,2020-10-28,7.086167800453515E-5,39820
Cash,2020-10-29,4.184219921456622E-4,40014
Cash,2020-10-30,2.713520113967845E-4,42430
Cash,2020-10-31,0.0,39238
Cash,2020-11-01,0.0,28270
Cash,2020-11-02,3.7710234557658946E-4,38120
Cash,2020-11-03,0.0015908898484463636,32834
Cash,2020-11-04,8.483203257550051E-5,33660
Cash,2020-11-05,5.761629674673153E-4,36906
Cash,2020-11-06,7.275372862859222E-5,39966
Cash,2020-11-07,1.283211318581887E-4,35830
Cash,2020-11-08,7.091246903385633E-4,28594
Cash,2020-11-09,5.595238095238096E-4,35838
Cash,2020-11-10,0.0,39386
Cash,2020-11-11,0.0,35900
Cash,2020-11-12,1.974905338183978E-4,37972
Cash,2020-11-13,5.105825878245691E-4,38750
Cash,2020-11-14,1.6753568681083852E-4,34206
Cash,2020-11-15,7.321965897693079E-4,23096
Cash,2020-11-16,0.0,35170
Cash,2020-11-17,4.95935565664852E-4,37594
Cash,2020-11-18,0.0,38048
Cash,2020-11-19,0.0011330085621493948,37898
Cash,2020-11-20,0.0,39136
Cash,2020-11-21,1.6645784857705388E-4,32872
Cash,2020-11-22,0.0,22536
Cash,2020-11-23,4.0715705765407553E-4,35320
Cash,2020-11-24,3.4952606635071096E-4,38714
Cash,2020-11-25,0.0,36764
Cash,2020-11-26,0.0,20292
Cash,2020-11-27,8.990435706695007E-4,27416
Cash,2020-11-28,5.46970539188438E-4,26290
Cash,2020-11-29,0.0,22852
Cash,2020-11-30,3.246633462460801E-4,30678
Cash,2020-12-01,1.327366504854369E-4,37232
Cash,2020-12-02,2.8518859245630176E-4,37684
Cash,2020-12-03,2.948015902782987E-4,38110
Cash,2020-12-04,0.0,36278
Cash,2020-12-05,2.927436935534101E-4,28118
Cash,2020-12-06,1.1461318051575932E-4,25204
Cash,2020-12-07,7.052278491368732E-4,34350
Cash,2020-12-08,2.3076923076923076E-4,37670
Cash,2020-12-09,1.1654106130059825E-4,36374
Cash,2020-12-10,4.7305389221556887E-4,38164
Cash,2020-12-11,2.765310554509918E-4,39816
Cash,2020-12-12,1.8082848971307316E-4,31952
Cash,2020-12-13,0.0,27022
Cash,2020-12-14,8.250825082508251E-5,34482
Cash,2020-12-15,0.0,39918
Cash,2020-12-16,0.0,34228
Cash,2020-12-17,0.0,17120
Cash,2020-12-18,0.0,36980
Cash,2020-12-19,0.0,31214
Cash,2020-12-20,0.0,23012
Cash,2020-12-21,1.541069502234551E-4,36894
Cash,2020-12-22,6.226614895870103E-4,39824
Cash,2020-12-23,1.0320627494151644E-4,41262
Cash,2020-12-24,0.0,36108
Cash,2020-12-25,4.7858533419857237E-4,18294
Cash,2020-12-26,0.0,24990
Cash,2020-12-27,0.0,20910
Cash,2020-12-28,0.0,32052
Cash,2020-12-29,0.0011574539363484087,34712
Cash,2020-12-30,0.0,36534
Cash,2020-12-31,0.0,37422
Credit card,2020-01-01,3.2781388053369076,358416
Credit card,2020-01-02,3.1307735527048397,323288
Credit card,2020-01-03,2.953028139471161,383886
Credit card,2020-01-04,2.9006894546036603,405384
Credit card,2020-01-05,3.079606367054529,362202
Credit card,2020-01-06,3.022125895390165,374470
Credit card,2020-01-07,2.8878120237317257,431910
Credit card,2020-01-08,2.8855008909311692,469446
Credit card,2020-01-09,2.9640148046970625,505868
Credit card,2020-01-10,2.992680399552526,507164
Credit card,2020-01-11,2.873238287280907,500036
Credit card,2020-01-12,3.0381713125808116,424610
Credit card,2020-01-13,3.0687085776889544,452290
Credit card,2020-01-14,3.003876963889748,483080
Credit card,2020-01-15,3.0282734782927707,476654
Credit card,2020-01-16,2.9964022314468575,534264
Credit card,2020-01-17,3.0014620847981965,542198
Credit card,2020-01-18,2.8078692729325843,425428
Credit card,2020-01-19,2.9007608652002648,392620
Credit card,2020-01-20,3.115351745967107,356360
Credit card,2020-01-21,3.0051446907454618,472514
Credit card,2020-01-22,2.9841668297715085,490824
Credit card,2020-01-23,3.0347702405759813,517268
Credit card,2020-01-24,2.9970349971511703,518660
Credit card,2020-01-25,2.745009170799329,515136
Credit card,2020-01-26,2.991560615429659,427202
Credit card,2020-01-27,3.0248319265406627,413690
Credit card,2020-01-28,2.936568186396184,478344
Credit card,2020-01-29,2.990549499048419,508864
Credit card,2020-01-30,3.0254048996441085,546646
Credit card,2020-01-31,3.021321716073829,528440
Credit card,2020-02-01,2.749040086284512,490362
Credit card,2020-02-02,2.880859648392189,447172
Credit card,2020-02-03,3.0655264087065373,420110
Credit card,2020-02-04,2.9409630052467333,481364
Credit card,2020-02-05,2.949916324314589,523528
Credit card,2020-02-06,3.001138990681428,546112
Credit card,2020-02-07,2.951812346140916,572866
Credit card,2020-02-08,2.811514479099602,509818
Credit card,2020-02-09,3.000019771988117,416866
Credit card,2020-02-10,3.032115528269978,464836
Credit card,2020-02-11,2.9595648764256115,488290
Credit card,2020-02-12,2.97767842543686,528542
Credit card,2020-02-13,3.055875185516016,554714
Credit card,2020-02-14,3.0046548518639855,575860
Credit card,2020-02-15,2.8031787154604757,446456
Credit card,2020-02-16,2.9515716230131646,365104
Credit card,2020-02-17,3.1691245762391937,318528
Credit card,2020-02-18,3.058602578079857,408818
Credit card,2020-02-19,3.0006178164469945,473816
Credit card,2020-02-20,3.0292057886604056,527260
Credit card,2020-02-21,2.9994382181469903,528274
Credit card,2020-02-22,2.821678484509799,480388
Credit card,2020-02-23,3.049906164774336,404054
Credit card,2020-02-24,3.1179616185033012,429278
Credit card,2020-02-25,3.017408926500898,503642
Credit card,2020-02-26,3.026450003651626,514144
Credit card,2020-02-27,3.0338761983188025,568968
Credit card,2020-02-28,3.0008186314705947,558752
Credit card,2020-02-29,2.7459616561047056,528684
Credit card,2020-03-01,3.0169651043059913,407778
Credit card,2020-03-02,3.041813665285647,418252
Credit card,2020-03-03,2.974561396260183,491276
Credit card,2020-03-04,2.9861490912812076,506552
Credit card,2020-03-05,3.019843843716568,545946
Credit card,2020-03-06,2.944563895397497,549494
Credit card,2020-03-07,2.75553660891363,480056
Credit card,2020-03-08,2.9452583571560407,373798
Credit card,2020-03-09,2.931971620440569,377054
Credit card,2020-03-10,2.8458880097819748,401602
Credit card,2020-03-11,2.8457592891760783,398994
Credit card,2020-03-12,2.891025378823137,369162
Credit card,2020-03-13,2.8444516135631432,282736
Credit card,2020-03-14,2.6970196703366827,190334
Credit card,2020-03-15,2.931207568721808,120152
Credit card,2020-03-16,2.8866162457210565,119996
Credit card,2020-03-17,2.8144795386783166,83344
Credit card,2020-03-18,2.745213272137767,64094
Credit card,2020-03-19,2.644842197394853,52400
Credit card,2020-03-20,2.7007481824947006,47410
Credit card,2020-03-21,2.763994615862509,26222
Credit card,2020-03-22,2.9087781350482613,16482
Credit card,2020-03-23,2.5647654672842073,21858
Credit card,2020-03-24,2.505584053526654,18496
Credit card,2020-03-25,2.4879779249448397,17294
Credit card,2020-03-26,2.497811023622072,16676
Credit card,2020-03-27,2.48289635936586,17782
Credit card,2020-03-28,2.451388888888916,11234
Credit card,2020-03-29,2.598537693006366,8496
Credit card,2020-03-30,2.4748930862437843,14522
Credit card,2020-03-31,2.4854958904109856,13626
Credit card,2020-04-01,2.4434178187404116,13602
Credit card,2020-04-02,2.4789887414555887,12674
Credit card,2020-04-03,2.519589307842132,13910
Credit card,2020-04-04,2.5064097303634325,8796
Credit card,2020-04-05,2.634518991835287,6996
Credit card,2020-04-06,2.476122222222237,11604
Credit card,2020-04-07,2.4653072497123336,11168
Credit card,2020-04-08,2.509943194728481,11092
Credit card,2020-04-09,2.513451916456291,11202
Credit card,2020-04-10,2.527907461442283,12428
Credit card,2020-04-11,2.60882559158634,9334
Credit card,2020-04-12,2.5783796856106433,6470
Credit card,2020-04-13,2.491473296500935,11214
Credit card,2020-04-14,2.4598514635212134,12030
Credit card,2020-04-15,2.499991462113151,12190
Credit card,2020-04-16,2.4494587136489274,12296
Credit card,2020-04-17,2.5336893023255995,14094
Credit card,2020-04-18,2.5147207488299608,8506
Credit card,2020-04-19,2.60558764940239,7928
Credit card,2020-04-20,2.511885739790238,11656
Credit card,2020-04-21,2.5294516626294024,11766
Credit card,2020-04-22,2.5070889487870867,12760
Credit card,2020-04-23,2.5351723434632216,12906
Credit card,2020-04-24,2.5143036291089,13846
Credit card,2020-04-25,2.543221544715448,10216
Credit card,2020-04-26,2.7453884533143307,7216
Credit card,2020-04-27,2.4948962571196236,12848
Credit card,2020-04-28,2.5634246015529336,12576
Credit card,2020-04-29,2.5320178748758893,12958
Credit card,2020-04-30,2.5825885296381927,13116
Credit card,2020-05-01,2.5612198606894307,14272
Credit card,2020-05-02,2.53896551724139,10760
Credit card,2020-05-03,2.69740575079872,8444
Credit card,2020-05-04,2.5387712287712585,12966
Credit card,2020-05-05,2.5791590214067543,13692
Credit card,2020-05-06,2.489362968148417,14808
Credit card,2020-05-07,2.5310396667270787,14382
Credit card,2020-05-08,2.489691954776366,15514
Credit card,2020-05-09,2.530392491467581,10592
Credit card,2020-05-10,2.7212503382950097,9240
Credit card,2020-05-11,2.432707036408241,13614
Credit card,2020-05-12,2.4729083518108044,13588
Credit card,2020-05-13,2.486534879634533,14740
Credit card,2020-05-14,2.537492085824857,14300
Credit card,2020-05-15,2.573783661802349,17204
Credit card,2020-05-16,2.599975409836083,12896
Credit card,2020-05-17,2.6468758716875924,9504
Credit card,2020-05-18,2.5256775244299954,16172
Credit card,2020-05-19,2.584710245711666,16750
Credit card,2020-05-20,2.580142291330534,18090
Credit card,2020-05-21,2.6285920114122963,18454
Credit card,2020-05-22,2.708741853969968,20048
Credit card,2020-05-23,2.6091478260869723,10630
Credit card,2020-05-24,2.679539619300586,12130
Credit card,2020-05-25,2.6689551881140625,11236
Credit card,2020-05-26,2.6139751466071197,18922
Credit card,2020-05-27,2.5386798336798617,20768
Credit card,2020-05-28,2.554099591621673,19886
Credit card,2020-05-29,2.604266445811662,22794
Credit card,2020-05-30,2.754345022802362,17936
Credit card,2020-05-31,2.8719756778309535,13594
Credit card,2020-06-01,2.666313231996036,21318
Credit card,2020-06-02,2.7870636820684793,22604
Credit card,2020-06-03,2.677062027980701,21192
Credit card,2020-06-04,2.7755780214759014,23082
Credit card,2020-06-05,2.936804552418492,23914
Credit card,2020-06-06,3.062176202675805,19630
Credit card,2020-06-07,3.003848760478008,15092
Credit card,2020-06-08,2.6338106847572775,25200
Credit card,2020-06-09,2.6551634051852733,27028
Credit card,2020-06-10,2.6120090532601594,26868
Credit card,2020-06-11,2.649346056965736,27522
Credit card,2020-06-12,2.703808334768381,31108
Credit card,2020-06-13,2.736255108359147,22554
Credit card,2020-06-14,2.9263960987887345,17070
Credit card,2020-06-15,2.705165222359792,27854
Credit card,2020-06-16,2.7016778345970804,30328
Credit card,2020-06-17,2.7084276891405312,30832
Credit card,2020-06-18,2.712937853107344,32126
Credit card,2020-06-19,2.793670895522388,36210
Credit card,2020-06-20,2.8092341106538874,24476
Credit card,2020-06-21,2.9752799178223075,21622
Credit card,2020-06-22,2.7305495456512476,37932
Credit card,2020-06-23,2.6495327353059386,40200
Credit card,2020-06-24,2.72182384931691,41300
Credit card,2020-06-25,2.7628756861479,41912
Credit card,2020-06-26,2.736114991269636,44616
Credit card,2020-06-27,2.7289218974604936,29228
Credit card,2020-06-28,2.8223159107573252,26498
Credit card,2020-06-29,2.696248762784587,41588
Credit card,2020-06-30,2.662413095936851,41208
Credit card,2020-07-01,2.664898573485162,41384
Credit card,2020-07-02,2.798689592760182,45448
Credit card,2020-07-03,2.6695643117514307,32458
Credit card,2020-07-04,2.724189606221468,22816
Credit card,2020-07-05,3.0328749852716035,24172
Credit card,2020-07-06,2.765101803771507,39874
Credit card,2020-07-07,2.670627103852409,44246
Credit card,2020-07-08,2.6264707658854913,44838
Credit card,2020-07-09,2.6835499432463368,48152
Credit card,2020-07-10,2.629262433267752,38682
Credit card,2020-07-11,2.6797506190307776,31380
Credit card,2020-07-12,2.833693257359941,29358
Credit card,2020-07-13,2.6522681535602457,42918
Credit card,2020-07-14,2.5610467782619235,46930
Credit card,2020-07-15,2.5937917928945504,49084
Credit card,2020-07-16,2.6395102518386926,48176
Credit card,2020-07-17,2.6344277881474993,46830
Credit card,2020-07-18,2.6743708160963306,36916
Credit card,2020-07-19,2.8324724544072843,29374
Credit card,2020-07-20,2.6362264488433262,45816
Credit card,2020-07-21,2.591781193981236,50236
Credit card,2020-07-22,2.622993627326038,52948
Credit card,2020-07-23,2.569050484609666,50734
Credit card,2020-07-24,2.6255965830807755,49360
Credit card,2020-07-25,2.619042347449179,42982
Credit card,2020-07-26,2.777401466544445,30276
Credit card,2020-07-27,2.5828691170640905,48700
Credit card,2020-07-28,2.556173047397393,56250
Credit card,2020-07-29,2.5586660197763913,58966
Credit card,2020-07-30,2.591517786191783,58714
Credit card,2020-07-31,2.706596744186085,59012
Credit card,2020-08-01,2.6946010018640103,48742
Credit card,2020-08-02,2.74049333550067,34290
Credit card,2020-08-03,2.594239480546069,54278
Credit card,2020-08-04,2.6370180313696894,44626
Credit card,2020-08-05,2.6241745168281354,62386
Credit card,2020-08-06,2.578120808273145,62750
Credit card,2020-08-07,2.6183505940372624,62712
Credit card,2020-08-08,2.620286546578713,48666
Credit card,2020-08-09,2.765287669217209,38482
Credit card,2020-08-10,2.6027993543831545,55150
Credit card,2020-08-11,2.547460740072234,63002
Credit card,2020-08-12,2.579048665089603,64640
Credit card,2020-08-13,2.608247683971393,63848
Credit card,2020-08-14,2.6511296162201927,64908
Credit card,2020-08-15,2.709022519846674,54066
Credit card,2020-08-16,2.8327291511695405,33598
Credit card,2020-08-17,2.6411984759265814,56862
Credit card,2020-08-18,2.6345833152008753,64714
Credit card,2020-08-19,2.617413187001678,65046
Credit card,2020-08-20,2.668940664301901,69110
Credit card,2020-08-21,2.636332068624295,68924
Credit card,2020-08-22,2.7076228757505407,57200
Credit card,2020-08-23,2.871267980820517,43222
Credit card,2020-08-24,2.6628298529825063,60244
Credit card,2020-08-25,2.6020280141274945,69144
Credit card,2020-08-26,2.6369858867005442,71118
Credit card,2020-08-27,2.682178157905422,68644
Credit card,2020-08-28,2.6805904463586825,70784
Credit card,2020-08-29,2.6787088497024696,53284
Credit card,2020-08-30,2.817230099994411,50088
Credit card,2020-08-31,2.721675584840615,63334
Credit card,2020-09-01,2.6661141240273944,70754
Credit card,2020-09-02,2.5986795532964897,74102
Credit card,2020-09-03,2.6182031080593293,77064
Credit card,2020-09-04,2.6889364630608097,75838
Credit card,2020-09-05,2.6623208947532,57538
Credit card,2020-09-06,2.7627508780733043,46588
Credit card,2020-09-07,2.904952781954926,47448
Credit card,2020-09-08,2.6603726151197695,79246
Credit card,2020-09-09,2.631041419739296,87460
Credit card,2020-09-10,2.616556159253478,90092
Credit card,2020-09-11,2.655373054848805,94618
Credit card,2020-09-12,2.6429113969147733,82226
Credit card,2020-09-13,2.7067016229713485,58164
Credit card,2020-09-14,2.630706005221983,80972
Credit card,2020-09-15,2.59884337638208,93066
Credit card,2020-09-16,2.601893469012269,95808
Credit card,2020-09-17,2.639977849152687,101176
Credit card,2020-09-18,2.6423368380910195,104206
Credit card,2020-09-19,2.6166685411842754,90130
Credit card,2020-09-20,2.7489310122502397,68108
Credit card,2020-09-21,2.656264628849949,84816
Credit card,2020-09-22,2.5899863005712542,96952
Credit card,2020-09-23,2.6138622876188378,103260
Credit card,2020-09-24,2.6663061867207465,106528
Credit card,2020-09-25,2.6829494382021766,113006
Credit card,2020-09-26,2.626098426883725,98408
Credit card,2020-09-27,2.7127677427355845,70826
Credit card,2020-09-28,2.622024751163819,74700
Credit card,2020-09-29,2.6160268755780334,101704
Credit card,2020-09-30,2.640415497349523,108062
Credit card,2020-10-01,2.6917410302470826,116144
Credit card,2020-10-02,2.6518037207460394,114030
Credit card,2020-10-03,2.6350801857855544,101840
Credit card,2020-10-04,2.723144784859619,69624
Credit card,2020-10-05,2.626576300411901,88100
Credit card,2020-10-06,2.6059629964145996,102530
Credit card,2020-10-07,2.6061995461383276,110178
Credit card,2020-10-08,2.705519360637304,115668
Credit card,2020-10-09,2.70040316086163,113122
Credit card,2020-10-10,2.6613515292990932,99622
Credit card,2020-10-11,2.7316919976489165,69882
Credit card,2020-10-12,2.578697248977984,81370
Credit card,2020-10-13,2.623956840303725,105072
Credit card,2020-10-14,2.644332506565469,115460
Credit card,2020-10-15,2.7023339502364445,123614
Credit card,2020-10-16,2.612488217731341,113256
Credit card,2020-10-17,2.6207282687504305,111710
Credit card,2020-10-18,2.7071572281527536,80542
Credit card,2020-10-19,2.6286579147863782,95334
Credit card,2020-10-20,2.5676625566179876,110782
Credit card,2020-10-21,2.601326333574694,115902
Credit card,2020-10-22,2.6651875443942163,122722
Credit card,2020-10-23,2.636954290185924,122940
Credit card,2020-10-24,2.612784345380579,114514
Credit card,2020-10-25,2.6657609085047818,81490
Credit card,2020-10-26,2.58037115152837,102120
Credit card,2020-10-27,2.574533240397989,116222
Credit card,2020-10-28,2.6041145043351746,123508
Credit card,2020-10-29,2.6226405455134985,129592
Credit card,2020-10-30,2.576080385852021,131946
Credit card,2020-10-31,2.5465231359385236,125494
Credit card,2020-11-01,2.661245292904178,87844
Credit card,2020-11-02,2.630394406117982,105804
Credit card,2020-11-03,2.518365755266695,92342
Credit card,2020-11-04,2.5699808922992933,91088
Credit card,2020-11-05,2.62415941445744,110564
Credit card,2020-11-06,2.6244777216569575,120212
Credit card,2020-11-07,2.6894555536040676,118512
Credit card,2020-11-08,2.7095968830117547,87014
Credit card,2020-11-09,2.6034689905840898,97460
Credit card,2020-11-10,2.606443820095245,120350
Credit card,2020-11-11,2.5254960140651552,115952
Credit card,2020-11-12,2.585153582843946,122336
Credit card,2020-11-13,2.576698654708424,124222
Credit card,2020-11-14,2.5979476974035376,111174
Credit card,2020-11-15,2.6383699249335306,71546
Credit card,2020-11-16,2.612658313388683,99396
Credit card,2020-11-17,2.6094533375057,115374
Credit card,2020-11-18,2.5947303406702984,119980
Credit card,2020-11-19,2.6317712159962174,119230
Credit card,2020-11-20,2.648561669213966,121130
Credit card,2020-11-21,2.6373828259620757,102392
Credit card,2020-11-22,2.5768968531469296,66964
Credit card,2020-11-23,2.5643119936994374,98178
Credit card,2020-11-24,2.6225097031364726,106718
Credit card,2020-11-25,2.6071945570353643,96010
Credit card,2020-11-26,2.7181835254501077,44458
Credit card,2020-11-27,2.5996017056795897,64786
Credit card,2020-11-28,2.7469574834112267,72434
Credit card,2020-11-29,2.879739555073332,64908
Credit card,2020-11-30,2.650615879138561,86266
Credit card,2020-12-01,2.6408336463643467,104602
Credit card,2020-12-02,2.5850817159040966,107960
Credit card,2020-12-03,2.622020838133214,109446
Credit card,2020-12-04,2.564168164120926,112814
Credit card,2020-12-05,2.5341557430240482,90768
Credit card,2020-12-06,2.5987211340599905,76994
Credit card,2020-12-07,2.556381833079722,94786
Credit card,2020-12-08,2.5612649195307697,109510
Credit card,2020-12-09,2.5825758443045044,112732
Credit card,2020-12-10,2.6297383657549243,115804
Credit card,2020-12-11,2.62564325770189,120252
Credit card,2020-12-12,2.555789648809673,98110
Credit card,2020-12-13,2.651768499410411,80344
Credit card,2020-12-14,2.572158853645274,96728
Credit card,2020-12-15,2.626824686302007,116552
Credit card,2020-12-16,2.572217137265131,95120
Credit card,2020-12-17,2.6086929991828183,50770
Credit card,2020-12-18,2.7720912273969227,115434
Credit card,2020-12-19,2.6624225039929628,89818
Credit card,2020-12-20,2.7208651257774794,62914
Credit card,2020-12-21,2.7029731160656967,94728
Credit card,2020-12-22,2.728819159492597,103594
Credit card,2020-12-23,2.751802038626648,104290
Credit card,2020-12-24,2.6059399162943113,80278
Credit card,2020-12-25,2.9972163913479855,32340
Credit card,2020-12-26,2.7260581672864728,53754
Credit card,2020-12-27,3.0239370738126925,49390
Credit card,2020-12-28,2.807476228971811,74518
Credit card,2020-12-29,2.6897631923684413,84512
Credit card,2020-12-30,2.752358359007622,88194
Credit card,2020-12-31,2.6969650514580477,80010
Dispute,2020-01-01,0.0486015037593985,2006
Dispute,2020-01-02,0.020194174757281552,1580
Dispute,2020-01-03,0.01332695984703633,1478
Dispute,2020-01-04,-0.013951762523191094,1606
Dispute,2020-01-05,0.02173737373737374,1326
Dispute,2020-01-06,0.053671874999999994,1234
Dispute,2020-01-07,0.0,1232
Dispute,2020-01-08,0.03141263940520446,1410
Dispute,2020-01-09,0.005884413309982487,1452
Dispute,2020-01-10,0.030341296928327648,1514
Dispute,2020-01-11,0.032999999999999995,1914
Dispute,2020-01-12,0.008500948766603412,1386
Dispute,2020-01-13,0.030647359454855198,1470
Dispute,2020-01-14,-0.0010507246376811595,1340
Dispute,2020-01-15,0.0286490939044481,1488
Dispute,2020-01-16,0.037073954983922824,1630
Dispute,2020-01-17,0.022841379310344825,1866
Dispute,2020-01-18,0.03517128874388254,1674
Dispute,2020-01-19,0.02221476510067115,1644
Dispute,2020-01-20,0.008571428571428572,1328
Dispute,2020-01-21,0.041109090909090915,1456
Dispute,2020-01-22,0.035437392795883364,1472
Dispute,2020-01-23,0.00532258064516129,1580
Dispute,2020-01-24,0.017872340425531916,1710
Dispute,2020-01-25,0.017361111111111112,1940
Dispute,2020-01-26,0.04836363636363636,1778
Dispute,2020-01-27,0.009865125240847783,1264
Dispute,2020-01-28,0.020867158671586714,1368
Dispute,2020-01-29,0.07116197183098591,1372
Dispute,2020-01-30,0.0062499999999999995,1494
Dispute,2020-01-31,0.024677419354838703,1752
Dispute,2020-02-01,0.042964601769911515,1876
Dispute,2020-02-02,0.016439267886855242,1560
Dispute,2020-02-03,0.008377358490566039,1368
Dispute,2020-02-04,0.009261992619926199,1312
Dispute,2020-02-05,-0.09651960784313726,1482
Dispute,2020-02-06,0.03760942760942761,1446
Dispute,2020-02-07,0.052449799196787154,1864
Dispute,2020-02-08,0.02981586402266289,1888
Dispute,2020-02-09,0.11022328548644338,1706
Dispute,2020-02-10,0.09979362101313322,1298
Dispute,2020-02-11,0.03510242085661079,1348
Dispute,2020-02-12,-0.01982142857142858,1532
Dispute,2020-02-13,0.016199376947040496,1574
Dispute,2020-02-14,0.03453815261044177,1962
Dispute,2020-02-15,0.01471821756225426,2078
Dispute,2020-02-16,0.016427406199021208,1732
Dispute,2020-02-17,0.0033620689655172414,1290
Dispute,2020-02-18,0.023352490421455936,1354
Dispute,2020-02-19,0.026069651741293533,1538
Dispute,2020-02-20,0.029066874027993787,1642
Dispute,2020-02-21,0.008809869375907112,1768
Dispute,2020-02-22,0.015297532656023223,1854
Dispute,2020-02-23,0.040851063829787225,1768
Dispute,2020-02-24,0.026431159420289847,1372
Dispute,2020-02-25,-0.004684684684684684,1446
Dispute,2020-02-26,0.04725423728813558,1428
Dispute,2020-02-27,0.001300578034682079,1752
Dispute,2020-02-28,0.017041666666666667,1914
Dispute,2020-02-29,0.03742017879948914,2180
Dispute,2020-03-01,0.050412044374009514,1670
Dispute,2020-03-02,0.03776892430278885,1322
Dispute,2020-03-03,-0.8540139616055847,1438
Dispute,2020-03-04,-0.032116244411326385,1674
Dispute,2020-03-05,0.028830409356725144,1626
Dispute,2020-03-06,0.012759124087591238,1772
Dispute,2020-03-07,0.03125356125356125,1934
Dispute,2020-03-08,-0.054879310344827584,1502
Dispute,2020-03-09,-0.11245398773006134,1266
Dispute,2020-03-10,0.021725978647686835,1418
Dispute,2020-03-11,0.044930139720558884,1232
Dispute,2020-03-12,0.031945454545454555,1386
Dispute,2020-03-13,0.0024680851063830166,1150
Dispute,2020-03-14,0.004877450980392157,1066
Dispute,2020-03-15,0.057731958762886615,710
Dispute,2020-03-16,-8.658008658008658E-5,574
Dispute,2020-03-17,0.0,408
Dispute,2020-03-18,0.0121875,298
Dispute,2020-03-19,0.0,302
Dispute,2020-03-20,0.03666666666666667,230
Dispute,2020-03-21,0.0,174
Dispute,2020-03-22,0.09606557377049181,138
Dispute,2020-03-23,0.05522388059701493,148
Dispute,2020-03-24,0.07807692307692307,122
Dispute,2020-03-25,0.0,112
Dispute,2020-03-26,0.09770491803278689,134
Dispute,2020-03-27,0.0,124
Dispute,2020-03-28,0.0,84
Dispute,2020-03-29,0.0,48
Dispute,2020-03-30,0.0,126
Dispute,2020-03-31,0.0,80
Dispute,2020-04-01,0.05534883720930231,92
Dispute,2020-04-02,0.0,120
Dispute,2020-04-03,0.0,100
Dispute,2020-04-04,0.0,84
Dispute,2020-04-05,0.04424242424242424,68
Dispute,2020-04-06,0.0,90
Dispute,2020-04-07,0.11513513513513512,84
Dispute,2020-04-08,0.02267857142857143,116
Dispute,2020-04-09,0.0,118
Dispute,2020-04-10,0.0,104
Dispute,2020-04-11,0.09341463414634146,90
Dispute,2020-04-12,0.0,66
Dispute,2020-04-13,0.0,108
Dispute,2020-04-14,0.0,112
Dispute,2020-04-15,0.0,86
Dispute,2020-04-16,-0.012615384615384615,138
Dispute,2020-04-17,0.03446428571428571,126
Dispute,2020-04-18,0.0,90
Dispute,2020-04-19,0.0,58
Dispute,2020-04-20,0.0,96
Dispute,2020-04-21,0.0,112
Dispute,2020-04-22,0.0,122
Dispute,2020-04-23,-0.02586206896551724,122
Dispute,2020-04-24,0.0,126
Dispute,2020-04-25,0.0,92
Dispute,2020-04-26,0.0,68
Dispute,2020-04-27,0.0,90
Dispute,2020-04-28,0.01,102
Dispute,2020-04-29,0.07574468085106383,90
Dispute,2020-04-30,0.0,98
Dispute,2020-05-01,0.0,144
Dispute,2020-05-02,0.0,140
Dispute,2020-05-03,0.0,86
Dispute,2020-05-04,0.0,120
Dispute,2020-05-05,0.0,96
Dispute,2020-05-06,0.0,134
Dispute,2020-05-07,0.0,122
Dispute,2020-05-08,0.0,130
Dispute,2020-05-09,0.0,96
Dispute,2020-05-10,0.0,102
Dispute,2020-05-11,0.0,106
Dispute,2020-05-12,0.0,98
Dispute,2020-05-13,0.0,134
Dispute,2020-05-14,0.0,120
Dispute,2020-05-15,0.0,120
Dispute,2020-05-16,0.0,118
Dispute,2020-05-17,-0.012222222222222223,128
Dispute,2020-05-18,0.0,126
Dispute,2020-05-19,0.0,148
Dispute,2020-05-20,0.03389830508474576,132
Dispute,2020-05-21,0.015151515151515152,136
Dispute,2020-05-22,0.0,168
Dispute,2020-05-23,0.0,106
Dispute,2020-05-24,0.0,128
Dispute,2020-05-25,0.264,78
Dispute,2020-05-26,0.0,106
Dispute,2020-05-27,0.016129032258064516,134
Dispute,2020-05-28,0.0,124
Dispute,2020-05-29,0.01694915254237288,122
Dispute,2020-05-30,0.027777777777777776,116
Dispute,2020-05-31,0.0,102
Dispute,2020-06-01,0.0407936507936508,124
Dispute,2020-06-02,0.05116883116883117,156
Dispute,2020-06-03,-1.388888888888889E-4,158
Dispute,2020-06-04,0.0,120
Dispute,2020-06-05,0.0,152
Dispute,2020-06-06,0.0,144
Dispute,2020-06-07,0.0,114
Dispute,2020-06-08,0.01902439024390244,192
Dispute,2020-06-09,0.0,148
Dispute,2020-06-10,0.0,168
Dispute,2020-06-11,0.0,170
Dispute,2020-06-12,0.0,180
Dispute,2020-06-13,0.04454545454545455,168
Dispute,2020-06-14,0.0,120
Dispute,2020-06-15,0.3125471698113208,246
Dispute,2020-06-16,0.0,172
Dispute,2020-06-17,0.0,146
Dispute,2020-06-18,-0.2682926829268293,172
Dispute,2020-06-19,0.0,218
Dispute,2020-06-20,0.06701754385964913,132
Dispute,2020-06-21,0.08660714285714285,142
Dispute,2020-06-22,0.06578947368421052,168
Dispute,2020-06-23,0.2025,182
Dispute,2020-06-24,0.0,212
Dispute,2020-06-25,0.034444444444444444,190
Dispute,2020-06-26,0.0,168
Dispute,2020-06-27,0.038873239436619716,174
Dispute,2020-06-28,0.0,228
Dispute,2020-06-29,0.0846236559139785,218
Dispute,2020-06-30,-1.0638297872340425E-4,218
Dispute,2020-07-01,0.012252252252252254,226
Dispute,2020-07-02,0.03775510204081633,214
Dispute,2020-07-03,0.0,262
Dispute,2020-07-04,0.0,190
Dispute,2020-07-05,0.15186046511627907,218
Dispute,2020-07-06,0.0,172
Dispute,2020-07-07,-0.007307692307692308,260
Dispute,2020-07-08,0.0,246
Dispute,2020-07-09,1.3157894736842105E-4,350
Dispute,2020-07-10,0.0,274
Dispute,2020-07-11,0.014761904761904763,264
Dispute,2020-07-12,0.0,224
Dispute,2020-07-13,-0.08,248
Dispute,2020-07-14,-7.874015748031496E-5,326
Dispute,2020-07-15,0.03910891089108911,232
Dispute,2020-07-16,0.0,326
Dispute,2020-07-17,0.37266129032258066,276
Dispute,2020-07-18,0.1265217391304348,222
Dispute,2020-07-19,0.0,222
Dispute,2020-07-20,-0.0011881188118811892,226
Dispute,2020-07-21,0.016548672566371683,248
Dispute,2020-07-22,0.0,206
Dispute,2020-07-23,-0.31795275590551175,274
Dispute,2020-07-24,-8.403361344537815E-5,274
Dispute,2020-07-25,0.0,254
Dispute,2020-07-26,0.0,196
Dispute,2020-07-27,-0.14285714285714285,206
Dispute,2020-07-28,0.0,226
Dispute,2020-07-29,0.03383458646616541,296
Dispute,2020-07-30,0.02856,262
Dispute,2020-07-31,0.02446280991735537,302
Dispute,2020-08-01,0.0,240
Dispute,2020-08-02,0.0,250
Dispute,2020-08-03,0.0,284
Dispute,2020-08-04,0.0,274
Dispute,2020-08-05,0.0,316
Dispute,2020-08-06,0.018882681564245808,410
Dispute,2020-08-07,-0.008067226890756304,300
Dispute,2020-08-08,-0.0038983050847457624,280
Dispute,2020-08-09,0.0,230
Dispute,2020-08-10,0.0,282
Dispute,2020-08-11,0.0,338
Dispute,2020-08-12,0.0,348
Dispute,2020-08-13,0.02521739130434783,396
Dispute,2020-08-14,-0.12838150289017344,446
Dispute,2020-08-15,0.0,396
Dispute,2020-08-16,-0.012658227848101266,210
Dispute,2020-08-17,0.03584615384615385,320
Dispute,2020-08-18,-0.08353741496598639,344
Dispute,2020-08-19,0.06480620155038759,306
Dispute,2020-08-20,0.0,346
Dispute,2020-08-21,0.027756410256410256,362
Dispute,2020-08-22,0.018000000000000002,384
Dispute,2020-08-23,0.008064516129032258,330
Dispute,2020-08-24,0.057077922077922075,374
Dispute,2020-08-25,0.0,308
Dispute,2020-08-26,0.021328125,300
Dispute,2020-08-27,0.0,390
Dispute,2020-08-28,0.0,398
Dispute,2020-08-29,0.08183333333333334,326
Dispute,2020-08-30,0.02819047619047619,268
Dispute,2020-08-31,0.0,380
Dispute,2020-09-01,0.029411764705882353,350
Dispute,2020-09-02,0.04133333333333333,368
Dispute,2020-09-03,-0.47566433566433564,354
Dispute,2020-09-04,0.0,392
Dispute,2020-09-05,0.030256410256410255,408
Dispute,2020-09-06,0.0,380
Dispute,2020-09-07,0.0,238
Dispute,2020-09-08,0.022253521126760566,344
Dispute,2020-09-09,0.0267816091954023,408
Dispute,2020-09-10,0.0,366
Dispute,2020-09-11,0.027134831460674157,422
Dispute,2020-09-12,0.02181818181818182,450
Dispute,2020-09-13,0.03131578947368421,402
Dispute,2020-09-14,0.04295454545454546,400
Dispute,2020-09-15,0.05802395209580838,396
Dispute,2020-09-16,0.01987012987012987,346
Dispute,2020-09-17,0.0,506
Dispute,2020-09-18,0.0,438
Dispute,2020-09-19,0.018020833333333333,514
Dispute,2020-09-20,0.054675324675324675,396
Dispute,2020-09-21,0.0,346
Dispute,2020-09-22,0.009069767441860466,398
Dispute,2020-09-23,0.00860103626943005,490
Dispute,2020-09-24,0.0,496
Dispute,2020-09-25,0.0,540
Dispute,2020-09-26,0.2261849710982659,426
Dispute,2020-09-27,0.05018518518518518,396
Dispute,2020-09-28,-0.03650684931506849,372
Dispute,2020-09-29,0.0,476
Dispute,2020-09-30,0.0,492
Dispute,2020-10-01,0.012274678111587983,576
Dispute,2020-10-02,0.048765957446808506,542
Dispute,2020-10-03,0.022816901408450704,528
Dispute,2020-10-04,0.05391566265060241,436
Dispute,2020-10-05,0.07271523178807947,334
Dispute,2020-10-06,0.0012755102040816326,474
Dispute,2020-10-07,0.012203389830508473,414
Dispute,2020-10-08,-0.023184357541899445,418
Dispute,2020-10-09,-0.2619417475728156,488
Dispute,2020-10-10,0.018265895953757227,422
Dispute,2020-10-11,-0.0018292682926829259,404
Dispute,2020-10-12,-0.007575757575757576,312
Dispute,2020-10-13,0.0,422
Dispute,2020-10-14,0.028095238095238097,452
Dispute,2020-10-15,0.017941176470588235,474
Dispute,2020-10-16,0.017889447236180904,460
Dispute,2020-10-17,0.029385474860335194,468
Dispute,2020-10-18,0.01801169590643275,414
Dispute,2020-10-19,-0.05760416666666667,476
Dispute,2020-10-20,0.0493048128342246,416
Dispute,2020-10-21,-0.09086021505376345,424
Dispute,2020-10-22,-0.18577981651376146,526
Dispute,2020-10-23,0.028686868686868684,500
Dispute,2020-10-24,0.08894977168949772,574
Dispute,2020-10-25,0.05950248756218906,484
Dispute,2020-10-26,0.028268156424581005,444
Dispute,2020-10-27,0.030756302521008406,522
Dispute,2020-10-28,0.0,530
Dispute,2020-10-29,0.021538461538461538,514
Dispute,2020-10-30,0.06302681992337164,574
Dispute,2020-10-31,0.015313807531380754,592
Dispute,2020-11-01,0.05906976744186047,424
Dispute,2020-11-02,0.0021153846153846153,458
Dispute,2020-11-03,0.03284946236559139,428
Dispute,2020-11-04,0.014874371859296482,490
Dispute,2020-11-05,-0.17989010989010987,416
Dispute,2020-11-06,0.0,622
Dispute,2020-11-07,0.03119834710743801,660
Dispute,2020-11-08,0.0073033707865168525,472
Dispute,2020-11-09,0.0,410
Dispute,2020-11-10,0.05004366812227075,516
Dispute,2020-11-11,-0.4227916666666667,590
Dispute,2020-11-12,0.03076233183856502,514
Dispute,2020-11-13,0.006434108527131783,622
Dispute,2020-11-14,0.013515981735159817,542
Dispute,2020-11-15,0.006493506493506494,356
Dispute,2020-11-16,0.0,442
Dispute,2020-11-17,0.039103139013452914,538
Dispute,2020-11-18,0.00748936170212766,542
Dispute,2020-11-19,0.005025125628140704,442
Dispute,2020-11-20,0.010081632653061223,546
Dispute,2020-11-21,0.05101522842639594,494
Dispute,2020-11-22,0.0,408
Dispute,2020-11-23,0.04376237623762376,484
Dispute,2020-11-24,0.00870967741935484,552
Dispute,2020-11-25,0.020046296296296298,554
Dispute,2020-11-26,0.09952830188679243,256
Dispute,2020-11-27,0.05855421686746989,436
Dispute,2020-11-28,0.008628571428571428,406
Dispute,2020-11-29,0.0,396
Dispute,2020-11-30,0.006172839506172839,358
Dispute,2020-12-01,0.028486238532110093,512
Dispute,2020-12-02,0.03508928571428572,582
Dispute,2020-12-03,0.01017391304347826,586
Dispute,2020-12-04,0.0,566
Dispute,2020-12-05,0.020877192982456137,432
Dispute,2020-12-06,5.347593582887705E-4,480
Dispute,2020-12-07,0.019263157894736843,444
Dispute,2020-12-08,0.007217391304347826,546
Dispute,2020-12-09,4.8780487804877984E-4,484
Dispute,2020-12-10,-0.006166666666666667,506
Dispute,2020-12-11,0.020625,536
Dispute,2020-12-12,0.00822429906542056,538
Dispute,2020-12-13,0.017126436781609196,454
Dispute,2020-12-14,0.0,460
Dispute,2020-12-15,0.008264462809917356,556
Dispute,2020-12-16,0.03169421487603306,566
Dispute,2020-12-17,0.008695652173913044,272
Dispute,2020-12-18,0.03437751004016064,580
Dispute,2020-12-19,0.01073446327683616,426
Dispute,2020-12-20,0.0,388
Dispute,2020-12-21,0.0,496
Dispute,2020-12-22,0.03960526315789474,478
Dispute,2020-12-23,0.03137254901960784,602
Dispute,2020-12-24,0.02292576419213974,500
Dispute,2020-12-25,0.16983050847457626,292
Dispute,2020-12-26,0.004697986577181208,356
Dispute,2020-12-27,0.04979020979020979,348
Dispute,2020-12-28,0.021964285714285714,526
Dispute,2020-12-29,0.012750000000000001,606
Dispute,2020-12-30,0.12224390243902439,518
Dispute,2020-12-31,0.03724696356275303,606
No charge,2020-01-01,0.05196926032660903,2954
No charge,2020-01-02,-0.008777056277056274,2434
No charge,2020-01-03,0.0014381591562799625,2816
No charge,2020-01-04,-0.0029312169312169308,2632
No charge,2020-01-05,-0.003019648397104447,2638
No charge,2020-01-06,0.011300097751710654,2452
No charge,2020-01-07,-0.009080459770114941,2320
No charge,2020-01-08,-0.035647873392680524,2540
No charge,2020-01-09,-0.0031312217194570135,2752
No charge,2020-01-10,-0.013612099644128114,2780
No charge,2020-01-11,-0.0038768115942028987,2810
No charge,2020-01-12,-1.888667992047713E-4,2572
No charge,2020-01-13,-7.583774250440918E-4,2760
No charge,2020-01-14,-0.005771749298409729,2480
No charge,2020-01-15,-0.004029244516653128,2852
No charge,2020-01-16,2.2361359570661907E-4,2672
No charge,2020-01-17,-0.0026890101325019486,3072
No charge,2020-01-18,-9.187620889748549E-4,2772
No charge,2020-01-19,0.0020238095238095228,2478
No charge,2020-01-20,-7.481559536354057E-4,2416
No charge,2020-01-21,-0.003052011776251227,2546
No charge,2020-01-22,-8.038277511961719E-4,2590
No charge,2020-01-23,-0.001376323387872955,2640
No charge,2020-01-24,-5.68760611205433E-4,3080
No charge,2020-01-25,-0.011722943722943724,2964
No charge,2020-01-26,-0.0014609053497942387,2502
No charge,2020-01-27,-0.02638888888888888,2338
No charge,2020-01-28,-0.0014638783269961982,2554
No charge,2020-01-29,0.012244897959183675,2504
No charge,2020-01-30,-0.0025087108013937282,2780
No charge,2020-01-31,-0.0038784246575342468,2932
No charge,2020-02-01,9.337068160597575E-4,2872
No charge,2020-02-02,-0.004108053007135576,2592
No charge,2020-02-03,-0.010691943127962084,2636
No charge,2020-02-04,-0.0019460500963391137,2554
No charge,2020-02-05,-0.00875336322869955,2712
No charge,2020-02-06,-0.001800165152766309,2992
No charge,2020-02-07,-0.0075738724727838274,3216
No charge,2020-02-08,0.0017857142857142859,3264
No charge,2020-02-09,-0.003468809073724008,2808
No charge,2020-02-10,-0.006345794392523364,2638
No charge,2020-02-11,-0.0019095477386934672,2424
No charge,2020-02-12,0.002504201680672268,2932
No charge,2020-02-13,-5.887300252312868E-4,2884
No charge,2020-02-14,-0.004081325301204819,3370
No charge,2020-02-15,-0.006556403731976251,3102
No charge,2020-02-16,-0.003581632653061225,2624
No charge,2020-02-17,0.012956204379562044,2116
No charge,2020-02-18,-0.010243161094224925,2372
No charge,2020-02-19,-2.8625954198473305E-4,2694
No charge,2020-02-20,-0.0031695331695331696,3094
No charge,2020-02-21,-0.003637833468067906,3200
No charge,2020-02-22,0.004001790510295433,3174
No charge,2020-02-23,-0.004054621848739497,2516
No charge,2020-02-24,-0.010095744680851063,2350
No charge,2020-02-25,-0.003479561316051845,2436
No charge,2020-02-26,-0.0024272818455366085,2416
No charge,2020-02-27,-0.00537914691943128,3084
No charge,2020-02-28,-0.002015503875968992,3238
No charge,2020-02-29,0.0,3206
No charge,2020-03-01,0.007101303911735205,2592
No charge,2020-03-02,-0.00723809523809524,2620
No charge,2020-03-03,-0.004939759036144578,2620
No charge,2020-03-04,-0.010883424408014571,2682
No charge,2020-03-05,-0.012108655616942915,2652
No charge,2020-03-06,-0.0012195121951219514,2994
No charge,2020-03-07,-0.0044,2742
No charge,2020-03-08,-0.013140756302521008,2394
No charge,2020-03-09,-0.004127155172413793,2232
No charge,2020-03-10,-0.0027027027027027024,2066
No charge,2020-03-11,0.005241675617615467,2186
No charge,2020-03-12,-0.0022388059701492534,2168
No charge,2020-03-13,0.07285539215686274,1874
No charge,2020-03-14,0.0014285714285714286,1452
No charge,2020-03-15,-0.0015602836879432625,1002
No charge,2020-03-16,-0.0062851405622489954,1126
No charge,2020-03-17,-0.0023140495867768596,838
No charge,2020-03-18,-0.0019879518072289156,752
No charge,2020-03-19,-0.0388030888030888,602
No charge,2020-03-20,-0.02139442231075697,526
No charge,2020-03-21,0.0,440
No charge,2020-03-22,0.0,298
No charge,2020-03-23,0.0105,266
No charge,2020-03-24,0.0,220
No charge,2020-03-25,-0.00826923076923077,336
No charge,2020-03-26,-0.0017543859649122807,226
No charge,2020-03-27,0.0,230
No charge,2020-03-28,-0.0066,214
No charge,2020-03-29,0.0,154
No charge,2020-03-30,-0.01607843137254902,218
No charge,2020-03-31,0.0,194
No charge,2020-04-01,-0.008118811881188119,196
No charge,2020-04-02,0.0,176
No charge,2020-04-03,-0.0059375,248
No charge,2020-04-04,0.0,214
No charge,2020-04-05,0.08943661971830985,142
No charge,2020-04-06,0.06838235294117648,306
No charge,2020-04-07,0.024078947368421054,162
No charge,2020-04-08,0.0,168
No charge,2020-04-09,-0.0070967741935483875,200
No charge,2020-04-10,-0.010175438596491228,236
No charge,2020-04-11,0.0,154
No charge,2020-04-12,0.0,108
No charge,2020-04-13,-0.009705882352941177,158
No charge,2020-04-14,0.0,258
No charge,2020-04-15,0.0,222
No charge,2020-04-16,0.0,186
No charge,2020-04-17,0.0,306
No charge,2020-04-18,0.027777777777777776,134
No charge,2020-04-19,0.0,118
No charge,2020-04-20,0.0,220
No charge,2020-04-21,0.002474226804123711,182
No charge,2020-04-22,0.0,224
No charge,2020-04-23,0.03260869565217391,188
No charge,2020-04-24,0.0,256
No charge,2020-04-25,0.0,144
No charge,2020-04-26,0.0,158
No charge,2020-04-27,0.0,196
No charge,2020-04-28,0.0,186
No charge,2020-04-29,0.04067796610169492,270
No charge,2020-04-30,-0.006165413533834586,236
No charge,2020-05-01,-0.005324675324675324,290
No charge,2020-05-02,-0.007735849056603773,226
No charge,2020-05-03,0.022916666666666665,152
No charge,2020-05-04,0.0,294
No charge,2020-05-05,0.0,232
No charge,2020-05-06,-6.666666666666666E-4,236
No charge,2020-05-07,0.0,300
No charge,2020-05-08,-0.009733333333333333,314
No charge,2020-05-09,0.0,166
No charge,2020-05-10,0.0,226
No charge,2020-05-11,0.0,202
No charge,2020-05-12,0.0,254
No charge,2020-05-13,-0.005588235294117647,268
No charge,2020-05-14,-0.007228915662650602,328
No charge,2020-05-15,0.0,364
No charge,2020-05-16,-0.020825688073394497,210
No charge,2020-05-17,0.0,200
No charge,2020-05-18,-0.006507936507936508,268
No charge,2020-05-19,0.0,378
No charge,2020-05-20,-2.564102564102564E-4,354
No charge,2020-05-21,-0.004782608695652174,254
No charge,2020-05-22,0.0,356
No charge,2020-05-23,0.0,134
No charge,2020-05-24,0.0,150
No charge,2020-05-25,-0.011549295774647887,142
No charge,2020-05-26,0.0,322
No charge,2020-05-27,0.0,340
No charge,2020-05-28,0.0,286
No charge,2020-05-29,-5.319148936170213E-5,376
No charge,2020-05-30,1.0638297872340435E-4,202
No charge,2020-05-31,0.0,142
No charge,2020-06-01,0.0,310
No charge,2020-06-02,0.0,286
No charge,2020-06-03,-0.005256410256410256,306
No charge,2020-06-04,0.0,322
No charge,2020-06-05,0.0,390
No charge,2020-06-06,-5.88235294117647E-4,212
No charge,2020-06-07,0.0,188
No charge,2020-06-08,5.649717514124294E-5,382
No charge,2020-06-09,0.013783783783783784,362
No charge,2020-06-10,0.0,368
No charge,2020-06-11,0.0,318
No charge,2020-06-12,0.010101010101010102,408
No charge,2020-06-13,0.0,268
No charge,2020-06-14,0.0,190
No charge,2020-06-15,0.0,320
No charge,2020-06-16,0.0,382
No charge,2020-06-17,0.0,368
No charge,2020-06-18,-0.005320197044334975,438
No charge,2020-06-19,-0.003,474
No charge,2020-06-20,-0.005234375,262
No charge,2020-06-21,0.0,250
No charge,2020-06-22,-0.0096,428
No charge,2020-06-23,0.0036032388663967607,510
No charge,2020-06-24,0.00791304347826087,438
No charge,2020-06-25,-0.003675213675213675,484
No charge,2020-06-26,-0.007385892116182572,504
No charge,2020-06-27,-0.006834532374100719,302
No charge,2020-06-28,0.0,258
No charge,2020-06-29,-0.02177685950413223,512
No charge,2020-06-30,-0.0202,440
No charge,2020-07-01,-0.005286885245901639,530
No charge,2020-07-02,0.02726591760299625,522
No charge,2020-07-03,-0.009166666666666668,474
No charge,2020-07-04,0.0,258
No charge,2020-07-05,0.0,318
No charge,2020-07-06,-0.002974137931034483,488
No charge,2020-07-07,0.0,486
No charge,2020-07-08,-0.012572614107883816,486
No charge,2020-07-09,-0.0032452830188679244,546
No charge,2020-07-10,-0.005066666666666666,438
No charge,2020-07-11,-0.010185185185185183,320
No charge,2020-07-12,0.0,360
No charge,2020-07-13,-0.0018644067796610181,512
No charge,2020-07-14,-0.001256281407035176,460
No charge,2020-07-15,0.006863636363636364,460
No charge,2020-07-16,0.0,478
No charge,2020-07-17,0.0,598
No charge,2020-07-18,-0.013218390804597701,338
No charge,2020-07-19,0.0,290
No charge,2020-07-20,-0.006282051282051281,522
No charge,2020-07-21,-0.003235294117647059,450
No charge,2020-07-22,-0.004691358024691358,470
No charge,2020-07-23,-8.23045267489712E-5,520
No charge,2020-07-24,-0.010085106382978722,536
No charge,2020-07-25,0.0,410
No charge,2020-07-26,0.0,326
No charge,2020-07-27,-0.008395061728395058,544
No charge,2020-07-28,-0.007557251908396947,582
No charge,2020-07-29,-0.0034275618374558304,614
No charge,2020-07-30,-1.858736059479554E-4,554
No charge,2020-07-31,-0.015085324232081912,604
No charge,2020-08-01,0.0,528
No charge,2020-08-02,0.0,372
No charge,2020-08-03,-0.011098039215686275,580
No charge,2020-08-04,0.02189189189189189,500
No charge,2020-08-05,-0.05003215434083603,648
No charge,2020-08-06,-0.003626760563380282,648
No charge,2020-08-07,-0.36817891373801914,632
No charge,2020-08-08,-0.009658536585365855,478
No charge,2020-08-09,-6.756756756756757E-5,332
No charge,2020-08-10,-0.005648854961832061,590
No charge,2020-08-11,-8.0E-5,572
No charge,2020-08-12,-3.53356890459364E-5,606
No charge,2020-08-13,-0.00289198606271777,650
No charge,2020-08-14,-0.007692307692307692,660
No charge,2020-08-15,0.0065400843881856545,558
No charge,2020-08-16,0.0,382
No charge,2020-08-17,-1.5936254980079682E-4,594
No charge,2020-08-18,-0.009594594594594594,460
No charge,2020-08-19,-8.148148148148149E-4,610
No charge,2020-08-20,-6.734006734006734E-5,730
No charge,2020-08-21,-0.009365079365079364,730
No charge,2020-08-22,-0.004880382775119617,548
No charge,2020-08-23,0.0,428
No charge,2020-08-24,0.0015073529411764718,620
No charge,2020-08-25,-0.006064981949458483,670
No charge,2020-08-26,-0.005141843971631205,658
No charge,2020-08-27,-0.001710037174721191,614
No charge,2020-08-28,-0.022857142857142857,584
No charge,2020-08-29,-0.007466063348416289,516
No charge,2020-08-30,0.0,450
No charge,2020-08-31,0.007705479452054794,686
No charge,2020-09-01,-0.009111111111111111,598
No charge,2020-09-02,-0.0028034682080924854,752
No charge,2020-09-03,-0.002553846153846154,698
No charge,2020-09-04,-0.0021153846153846153,762
No charge,2020-09-05,-0.00957983193277311,562
No charge,2020-09-06,0.0,478
No charge,2020-09-07,0.0,472
No charge,2020-09-08,-0.005915032679738561,688
No charge,2020-09-09,0.0016312056737588644,634
No charge,2020-09-10,-0.013588850174216028,684
No charge,2020-09-11,-0.0062460567823343855,766
No charge,2020-09-12,-4.0E-5,578
No charge,2020-09-13,0.0,430
No charge,2020-09-14,-0.024372881355932203,668
No charge,2020-09-15,-7.220216606498195E-5,654
No charge,2020-09-16,0.0727303754266212,686
No charge,2020-09-17,-0.01090909090909091,688
No charge,2020-09-18,-0.010702247191011236,812
No charge,2020-09-19,0.021602787456445994,730
No charge,2020-09-20,-9.852216748768474E-5,468
No charge,2020-09-21,-0.004984025559105429,776
No charge,2020-09-22,-0.0023508771929824563,662
No charge,2020-09-23,-3.194888178913738E-5,716
No charge,2020-09-24,0.0,702
No charge,2020-09-25,-0.0024932249322493225,800
No charge,2020-09-26,-0.017114093959731545,684
No charge,2020-09-27,0.0,478
No charge,2020-09-28,-0.005136186770428016,606
No charge,2020-09-29,-0.012915360501567398,782
No charge,2020-09-30,-0.0020241691842900304,726
No charge,2020-10-01,-0.004713375796178344,718
No charge,2020-10-02,-0.005706051873198848,794
No charge,2020-10-03,0.0,634
No charge,2020-10-04,0.0,546
No charge,2020-10-05,-0.007264150943396226,680
No charge,2020-10-06,-0.004409722222222222,754
No charge,2020-10-07,0.0,828
No charge,2020-10-08,-0.010301369863013698,894
No charge,2020-10-09,-0.0036065573770491803,904
No charge,2020-10-10,0.05682310469314079,694
No charge,2020-10-11,-0.0024752475247524753,548
No charge,2020-10-12,-0.0027385892116182572,532
No charge,2020-10-13,-3.194888178913738E-5,700
No charge,2020-10-14,-0.005943396226415095,782
No charge,2020-10-15,-6.116207951070337E-5,786
No charge,2020-10-16,-0.005718309859154929,818
No charge,2020-10-17,0.007087719298245614,658
No charge,2020-10-18,0.0,560
No charge,2020-10-19,-0.002061538461538462,728
No charge,2020-10-20,-0.0037854889589905368,732
No charge,2020-10-21,-3.8805970149253735E-4,790
No charge,2020-10-22,-1.2158054711246201E-4,770
No charge,2020-10-23,8.974358974358973E-4,952
No charge,2020-10-24,-0.02050156739811912,816
No charge,2020-10-25,0.0,582
No charge,2020-10-26,-0.002269736842105263,676
No charge,2020-10-27,0.012025316455696204,740
No charge,2020-10-28,0.012127659574468085,740
No charge,2020-10-29,0.0,734
No charge,2020-10-30,-0.0018487394957983194,850
No charge,2020-10-31,-0.0023344947735191644,698
No charge,2020-11-01,-4.0160642570281125E-5,670
No charge,2020-11-02,-0.00222972972972973,674
No charge,2020-11-03,-0.0494949494949495,698
No charge,2020-11-04,-0.0022945205479452057,714
No charge,2020-11-05,0.017091988130563795,806
No charge,2020-11-06,0.0,922
No charge,2020-11-07,0.0,720
No charge,2020-11-08,-0.0030039525691699606,634
No charge,2020-11-09,-0.005098039215686275,650
No charge,2020-11-10,0.002318840579710145,752
No charge,2020-11-11,0.0,852
No charge,2020-11-12,-0.0020370370370370373,750
No charge,2020-11-13,-0.0015649867374005304,870
No charge,2020-11-14,-0.005068493150684932,722
No charge,2020-11-15,0.009073170731707318,492
No charge,2020-11-16,-4.923076923076921E-4,724
No charge,2020-11-17,7.357859531772581E-4,704
No charge,2020-11-18,-0.010930930930930931,792
No charge,2020-11-19,-0.008464052287581701,700
No charge,2020-11-20,-0.0017647058823529412,836
No charge,2020-11-21,-0.002620689655172414,768
No charge,2020-11-22,-0.006349206349206349,446
No charge,2020-11-23,-0.005825545171339564,718
No charge,2020-11-24,-0.006306306306306305,836
No charge,2020-11-25,-0.006418338108882521,878
No charge,2020-11-26,0.0,430
No charge,2020-11-27,-0.014482758620689654,674
No charge,2020-11-28,0.0,546
No charge,2020-11-29,0.02247663551401869,508
No charge,2020-11-30,0.0014406779661016948,538
No charge,2020-12-01,-0.00339622641509434,734
No charge,2020-12-02,-3.0120481927710845E-5,762
No charge,2020-12-03,-9.009009009009009E-5,800
No charge,2020-12-04,-0.03931937172774869,864
No charge,2020-12-05,-0.003893129770992366,648
No charge,2020-12-06,0.003073170731707317,466
No charge,2020-12-07,0.0,714
No charge,2020-12-08,-0.0021943573667711595,690
No charge,2020-12-09,-0.002248322147651007,710
No charge,2020-12-10,-2.857142857142857E-5,776
No charge,2020-12-11,-0.005295698924731184,898
No charge,2020-12-12,0.0,740
No charge,2020-12-13,0.0,532
No charge,2020-12-14,-0.011671826625386999,702
No charge,2020-12-15,-0.018012618296529965,750
No charge,2020-12-16,3.508771929824561E-5,604
No charge,2020-12-17,0.0,444
No charge,2020-12-18,-0.005710227272727273,828
No charge,2020-12-19,0.0011553784860557764,604
No charge,2020-12-20,0.0,500
No charge,2020-12-21,0.0030689655172413794,656
No charge,2020-12-22,-0.06652173913043478,778
No charge,2020-12-23,0.04339832869080779,824
No charge,2020-12-24,-0.0025153374233128833,822
No charge,2020-12-25,0.0,424
No charge,2020-12-26,0.020833333333333332,456
No charge,2020-12-27,0.0,434
No charge,2020-12-28,-0.003277027027027027,678
No charge,2020-12-29,0.0,736
No charge,2020-12-30,-0.006500000000000001,772
No charge,2020-12-31,-0.0018181818181818182,886
Unknown,2020-01-01,0.13956926658905705,NULL
Unknown,2020-01-02,0.05378918918918919,NULL
Unknown,2020-01-03,0.1077158916709249,NULL
Unknown,2020-01-04,0.1434512428298279,NULL
Unknown,2020-01-05,0.15024981631153564,NULL
Unknown,2020-01-06,0.030964824120603012,NULL
Unknown,2020-01-07,0.03256365232660228,NULL
Unknown,2020-01-08,0.030717449069973427,NULL
Unknown,2020-01-09,0.06245219885277247,NULL
Unknown,2020-01-10,0.03216229348882411,NULL
Unknown,2020-01-11,0.1743108974358974,NULL
Unknown,2020-01-12,0.17618445518780218,NULL
Unknown,2020-01-13,0.06091389329107236,NULL
Unknown,2020-01-14,0.022509380863039396,NULL
Unknown,2020-01-15,0.05380579843534284,NULL
Unknown,2020-01-16,0.05305992141453831,NULL
Unknown,2020-01-17,0.07984472049689442,NULL
Unknown,2020-01-18,0.13727461139896374,NULL
Unknown,2020-01-19,0.08901421800947867,NULL
Unknown,2020-01-20,0.1560090191657272,NULL
Unknown,2020-01-21,0.058413865546218496,2
Unknown,2020-01-22,0.044207377866400804,NULL
Unknown,2020-01-23,0.02883515340613625,NULL
Unknown,2020-01-24,0.03893897746014294,NULL
Unknown,2020-01-25,0.13604453870625663,NULL
Unknown,2020-01-26,0.13087068965517243,NULL
Unknown,2020-01-27,0.058597063621533434,NULL
Unknown,2020-01-28,0.055951417004048584,NULL
Unknown,2020-01-29,0.035770609318996414,NULL
Unknown,2020-01-30,0.06700972862263184,NULL
Unknown,2020-01-31,0.05107442348008386,NULL
Unknown,2020-02-01,0.06825274725274726,NULL
Unknown,2020-02-02,0.06224637681159421,NULL
Unknown,2020-02-03,0.07995441595441596,NULL
Unknown,2020-02-04,0.02213810741687979,NULL
Unknown,2020-02-05,0.08082458770614695,NULL
Unknown,2020-02-06,0.04595984329089129,NULL
Unknown,2020-02-07,0.09437598736176935,NULL
Unknown,2020-02-08,0.07711849192100538,NULL
Unknown,2020-02-09,0.11057761732851988,NULL
Unknown,2020-02-10,0.06879239465570401,NULL
Unknown,2020-02-11,0.06351941747572815,NULL
Unknown,2020-02-12,0.07593735605711655,NULL
Unknown,2020-02-13,0.054161706349206355,NULL
Unknown,2020-02-14,0.07707380457380457,NULL
Unknown,2020-02-15,0.059555160142348754,NULL
Unknown,2020-02-16,0.10638172439204127,NULL
Unknown,2020-02-17,0.273906432748538,NULL
Unknown,2020-02-18,0.05667857142857143,NULL
Unknown,2020-02-19,0.04745418524021793,NULL
Unknown,2020-02-20,0.04737486687965921,NULL
Unknown,2020-02-21,0.04855278093076051,NULL
Unknown,2020-02-22,0.14706971677559913,NULL
Unknown,2020-02-23,0.08641729581331503,NULL
Unknown,2020-02-24,0.08645299145299146,NULL
Unknown,2020-02-25,0.032306493506493505,NULL
Unknown,2020-02-26,0.07853658536585365,NULL
Unknown,2020-02-27,0.11302879841112212,NULL
Unknown,2020-02-28,0.07375486381322957,NULL
Unknown,2020-02-29,0.1060834813499112,NULL
Unknown,2020-03-01,0.16906069364161852,NULL
Unknown,2020-03-02,0.10305128205128203,NULL
Unknown,2020-03-03,0.041399103139013446,NULL
Unknown,2020-03-04,0.048151147098515514,NULL
Unknown,2020-03-05,0.07009396636993077,NULL
Unknown,2020-03-06,0.11541420118343199,NULL
Unknown,2020-03-07,0.0465979381443299,NULL
Unknown,2020-03-08,0.06304455445544555,NULL
Unknown,2020-03-09,0.13277992277992276,NULL
Unknown,2020-03-10,0.1860085653104924,NULL
Unknown,2020-03-11,0.2534733777038268,NULL
Unknown,2020-03-12,0.4759770585825479,NULL
Unknown,2020-03-13,0.442378640776699,NULL
Unknown,2020-03-14,0.554295238095238,NULL
Unknown,2020-03-15,0.5362715517241378,NULL
Unknown,2020-03-16,0.2884054228534537,NULL
Unknown,2020-03-17,0.3195500459136822,NULL
Unknown,2020-03-18,0.4063246073298429,NULL
Unknown,2020-03-19,0.4405581947743466,NULL
Unknown,2020-03-20,0.20769134253450433,NULL
Unknown,2020-03-21,0.647758186397985,NULL
Unknown,2020-03-22,0.8263876651982378,NULL
Unknown,2020-03-23,0.41873626373626377,NULL
Unknown,2020-03-24,0.18982968369829684,NULL
Unknown,2020-03-25,0.38237623762376244,NULL
Unknown,2020-03-26,0.5313483146067417,NULL
Unknown,2020-03-27,0.22364902506963785,NULL
Unknown,2020-03-28,0.0,NULL
Unknown,2020-03-29,0.0,NULL
Unknown,2020-03-30,0.3580769230769232,NULL
Unknown,2020-03-31,0.3529795158286779,NULL
Unknown,2020-04-01,0.3001213171577124,NULL
Unknown,2020-04-02,0.3491350210970463,NULL
Unknown,2020-04-03,0.3998736176935229,NULL
Unknown,2020-04-04,0.21085648148148153,NULL
Unknown,2020-04-05,0.36926517571884976,NULL
Unknown,2020-04-06,0.32284452296819777,NULL
Unknown,2020-04-07,0.33362007168458796,NULL
Unknown,2020-04-08,0.7567150635208709,NULL
Unknown,2020-04-09,1.839379310344828,NULL
Unknown,2020-04-10,2.2194788273615633,NULL
Unknown,2020-04-11,1.889977011494253,NULL
Unknown,2020-04-12,1.7841279069767446,NULL
Unknown,2020-04-13,2.0384898710865564,NULL
Unknown,2020-04-14,2.083604465709729,NULL
Unknown,2020-04-15,2.053793650793651,NULL
Unknown,2020-04-16,2.0347311827956993,NULL
Unknown,2020-04-17,2.0019793205317575,NULL
Unknown,2020-04-18,1.8797389033942558,NULL
Unknown,2020-04-19,1.766417445482866,NULL
Unknown,2020-04-20,2.017052441229656,NULL
Unknown,2020-04-21,2.080474074074073,NULL
Unknown,2020-04-22,1.9873667205169634,NULL
Unknown,2020-04-23,1.8239423076923083,NULL
Unknown,2020-04-24,1.780647773279352,NULL
Unknown,2020-04-25,1.5803372681281618,NULL
Unknown,2020-04-26,1.275075268817204,NULL
Unknown,2020-04-27,2.0342502585315407,NULL
Unknown,2020-04-28,2.3846704637917004,NULL
Unknown,2020-04-29,2.983904059040594,NULL
Unknown,2020-04-30,1.9525182277061115,NULL
Unknown,2020-05-01,0.6354941860465118,NULL
Unknown,2020-05-02,0.738205533596838,NULL
Unknown,2020-05-03,0.5765932047750232,NULL
Unknown,2020-05-04,0.6305825734549139,NULL
Unknown,2020-05-05,0.5847745358090186,NULL
Unknown,2020-05-06,0.523011803011803,NULL
Unknown,2020-05-07,0.553727341389728,NULL
Unknown,2020-05-08,0.5038140481845943,NULL
Unknown,2020-05-09,0.6523377403846156,NULL
Unknown,2020-05-10,0.6548504273504274,NULL
Unknown,2020-05-11,0.493003355704698,NULL
Unknown,2020-05-12,0.4818092522179974,NULL
Unknown,2020-05-13,0.47529116169080715,NULL
Unknown,2020-05-14,0.44991862830572504,NULL
Unknown,2020-05-15,0.5334786253143334,NULL
Unknown,2020-05-16,0.6628571428571429,NULL
Unknown,2020-05-17,0.6583192090395479,NULL
Unknown,2020-05-18,0.976302895322939,NULL
Unknown,2020-05-19,1.113940493468795,NULL
Unknown,2020-05-20,1.3741071428571432,NULL
Unknown,2020-05-21,1.2776853776853778,NULL
Unknown,2020-05-22,1.3978162911611782,NULL
Unknown,2020-05-23,1.13386827458256,NULL
Unknown,2020-05-24,1.273133097762073,NULL
Unknown,2020-05-25,1.161416921508665,NULL
Unknown,2020-05-26,1.3023120567375877,NULL
Unknown,2020-05-27,1.4619930273097037,NULL
Unknown,2020-05-28,1.2208137188971084,NULL
Unknown,2020-05-29,1.3835294117647066,NULL
Unknown,2020-05-30,1.2465012615643394,NULL
Unknown,2020-05-31,1.1530732292917172,NULL
Unknown,2020-06-01,1.2492582417582414,NULL
Unknown,2020-06-02,1.4914972273567466,NULL
Unknown,2020-06-03,1.579211746522411,NULL
Unknown,2020-06-04,1.4808384146341447,NULL
Unknown,2020-06-05,1.4025222112537008,NULL
Unknown,2020-06-06,1.1438208537438763,NULL
Unknown,2020-06-07,1.1322147651006702,NULL
Unknown,2020-06-08,1.416998202516477,4
Unknown,2020-06-09,1.322618778280543,NULL
Unknown,2020-06-10,1.2696757382744641,NULL
Unknown,2020-06-11,1.281001717229536,24
Unknown,2020-06-12,1.5235560020090402,NULL
Unknown,2020-06-13,1.4414682002706352,NULL
Unknown,2020-06-14,1.378640350877192,NULL
Unknown,2020-06-15,1.7046068724519492,NULL
Unknown,2020-06-16,1.8222001075847238,NULL
Unknown,2020-06-17,1.8094515235457052,NULL
Unknown,2020-06-18,1.8942687747035563,NULL
Unknown,2020-06-19,2.0179130850047753,NULL
Unknown,2020-06-20,1.8659176029962554,NULL
Unknown,2020-06-21,2.1782764654418183,NULL
Unknown,2020-06-22,2.0528251912889925,NULL
Unknown,2020-06-23,1.8443428853754944,NULL
Unknown,2020-06-24,1.817989769820972,NULL
Unknown,2020-06-25,1.8954490717511325,NULL
Unknown,2020-06-26,1.9962710187932733,NULL
Unknown,2020-06-27,1.818897455666923,NULL
Unknown,2020-06-28,1.9615686274509805,NULL
Unknown,2020-06-29,1.9596177285318546,NULL
Unknown,2020-06-30,1.8990981963927855,NULL
Unknown,2020-07-01,1.8953612356751377,NULL
Unknown,2020-07-02,2.013823665893273,NULL
Unknown,2020-07-03,1.8000242424242405,NULL
Unknown,2020-07-04,2.2652663115845533,NULL
Unknown,2020-07-05,2.275623003194889,NULL
Unknown,2020-07-06,2.1752469135802484,NULL
Unknown,2020-07-07,1.7921119133574,NULL
Unknown,2020-07-08,1.9278096539162122,NULL
Unknown,2020-07-09,1.914484181568089,NULL
Unknown,2020-07-10,2.0188777292576408,NULL
Unknown,2020-07-11,1.891963898916966,NULL
Unknown,2020-07-12,2.26284649776453,NULL
Unknown,2020-07-13,2.3755428259683558,NULL
Unknown,2020-07-14,2.0015948467347844,NULL
Unknown,2020-07-15,1.9767012879102626,NULL
Unknown,2020-07-16,2.0227032871972326,NULL
Unknown,2020-07-17,2.0399956915122774,NULL
Unknown,2020-07-18,2.1160527732902548,NULL
Unknown,2020-07-19,2.089841029523089,NULL
Unknown,2020-07-20,2.145330097087377,NULL
Unknown,2020-07-21,1.989693831607384,NULL
Unknown,2020-07-22,2.1336063052672034,NULL
Unknown,2020-07-23,1.9486675235646944,NULL
Unknown,2020-07-24,1.9925461409395968,NULL
Unknown,2020-07-25,2.1054264870931556,NULL
Unknown,2020-07-26,2.1512715855572995,NULL
Unknown,2020-07-27,2.096189536031588,NULL
Unknown,2020-07-28,1.8952235502434716,NULL
Unknown,2020-07-29,2.0004151978065026,NULL
Unknown,2020-07-30,2.0010029374737726,NULL
Unknown,2020-07-31,2.262240490006446,NULL
Unknown,2020-08-01,2.1131680161943325,NULL
Unknown,2020-08-02,2.116432653061225,NULL
Unknown,2020-08-03,2.158797179593531,NULL
Unknown,2020-08-04,1.8505547150781656,NULL
Unknown,2020-08-05,2.1147258818529537,NULL
Unknown,2020-08-06,2.1007322006472506,NULL
Unknown,2020-08-07,2.1526865063187945,NULL
Unknown,2020-08-08,1.994818713450291,NULL
Unknown,2020-08-09,2.129341906202723,NULL
Unknown,2020-08-10,2.19986859395532,NULL
Unknown,2020-08-11,2.182254819782062,NULL
Unknown,2020-08-12,2.0948884381338724,NULL
Unknown,2020-08-13,2.175155084413034,NULL
Unknown,2020-08-14,2.170831452219716,NULL
Unknown,2020-08-15,2.1632233639805296,NULL
Unknown,2020-08-16,2.0276405451448043,NULL
Unknown,2020-08-17,2.148220064724919,NULL
Unknown,2020-08-18,2.1662015769626333,NULL
Unknown,2020-08-19,2.1346851916989107,NULL
Unknown,2020-08-20,2.1554780807732135,NULL
Unknown,2020-08-21,2.179000989119683,NULL
Unknown,2020-08-22,2.063187209902012,NULL
Unknown,2020-08-23,2.118587030716724,NULL
Unknown,2020-08-24,2.2384293381037583,2
Unknown,2020-08-25,2.1209337561663153,NULL
Unknown,2020-08-26,2.1550742741390962,NULL
Unknown,2020-08-27,2.16311785714286,NULL
Unknown,2020-08-28,2.1933029381965565,NULL
Unknown,2020-08-29,1.905687645687644,NULL
Unknown,2020-08-30,2.256370772946861,NULL
Unknown,2020-08-31,2.6588955223880584,NULL
Unknown,2020-09-01,2.6942634183479273,NULL
Unknown,2020-09-02,2.6726763177431336,NULL
Unknown,2020-09-03,2.7081394508670527,NULL
Unknown,2020-09-04,2.7116469321851473,NULL
Unknown,2020-09-05,2.7383877038895834,NULL
Unknown,2020-09-06,2.7567414050822134,NULL
Unknown,2020-09-07,2.4858057228915658,NULL
Unknown,2020-09-08,2.305266468056936,NULL
Unknown,2020-09-09,2.2133829660512236,NULL
Unknown,2020-09-10,2.3562373887240358,NULL
Unknown,2020-09-11,2.3007615341856575,NULL
Unknown,2020-09-12,2.20513200555813,NULL
Unknown,2020-09-13,2.2519516971279403,NULL
Unknown,2020-09-14,2.468701371396588,NULL
Unknown,2020-09-15,2.3947149545579753,NULL
Unknown,2020-09-16,2.431827049828635,NULL
Unknown,2020-09-17,2.462989860235681,NULL
Unknown,2020-09-18,2.3729780645161322,NULL
Unknown,2020-09-19,2.23065528380249,NULL
Unknown,2020-09-20,2.2398609566184673,NULL
Unknown,2020-09-21,2.4343807215939695,NULL
Unknown,2020-09-22,2.313820167640337,NULL
Unknown,2020-09-23,2.315733532934131,NULL
Unknown,2020-09-24,2.363236121770273,NULL
Unknown,2020-09-25,2.3659237467639445,NULL
Unknown,2020-09-26,2.194217428087987,NULL
Unknown,2020-09-27,2.073916707982153,NULL
Unknown,2020-09-28,2.4755210392544478,NULL
Unknown,2020-09-29,2.367901426718545,NULL
Unknown,2020-09-30,2.3916984975808506,NULL
Unknown,2020-10-01,2.3738890206307777,NULL
Unknown,2020-10-02,2.30440203562341,NULL
Unknown,2020-10-03,2.21199093157461,NULL
Unknown,2020-10-04,2.1715140845070415,NULL
Unknown,2020-10-05,2.4168681015452536,NULL
Unknown,2020-10-06,2.3756107348883866,NULL
Unknown,2020-10-07,2.3723406862745096,NULL
Unknown,2020-10-08,2.41192630241423,NULL
Unknown,2020-10-09,2.360938609842717,NULL
Unknown,2020-10-10,2.27840647635279,NULL
Unknown,2020-10-11,2.281854565952649,NULL
Unknown,2020-10-12,2.37913278157611,NULL
Unknown,2020-10-13,2.403739711934154,NULL
Unknown,2020-10-14,2.3651910440496433,NULL
Unknown,2020-10-15,2.3961717438234573,NULL
Unknown,2020-10-16,2.4272312703583063,NULL
Unknown,2020-10-17,2.3399908675799126,NULL
Unknown,2020-10-18,2.6613325107958037,NULL
Unknown,2020-10-19,2.4801497547121114,NULL
Unknown,2020-10-20,2.467076395690499,NULL
Unknown,2020-10-21,2.4851245909891815,NULL
Unknown,2020-10-22,2.4851465798045576,NULL
Unknown,2020-10-23,2.4367051153460406,NULL
Unknown,2020-10-24,2.380171763720151,NULL
Unknown,2020-10-25,2.32305376344086,NULL
Unknown,2020-10-26,2.4965673609280272,NULL
Unknown,2020-10-27,2.5146364779874215,NULL
Unknown,2020-10-28,2.4626880424300883,NULL
Unknown,2020-10-29,2.564176441837735,NULL
Unknown,2020-10-30,2.542476415094339,NULL
Unknown,2020-10-31,2.235656847133758,NULL
Unknown,2020-11-01,2.3604630541871914,NULL
Unknown,2020-11-02,2.4828393554687533,NULL
Unknown,2020-11-03,2.579259814953741,NULL
Unknown,2020-11-04,2.6673787646758575,NULL
Unknown,2020-11-05,2.4416600496277914,NULL
Unknown,2020-11-06,2.4257914513856265,NULL
Unknown,2020-11-07,2.314291323125247,NULL
Unknown,2020-11-08,2.289611510791369,NULL
Unknown,2020-11-09,2.5261644184270824,NULL
Unknown,2020-11-10,2.447426436244749,NULL
Unknown,2020-11-11,2.4871038853678753,NULL
Unknown,2020-11-12,2.518393378773125,NULL
Unknown,2020-11-13,2.4828481166464162,NULL
Unknown,2020-11-14,2.355086827615414,NULL
Unknown,2020-11-15,2.437979797979797,NULL
Unknown,2020-11-16,2.5783127463863296,NULL
Unknown,2020-11-17,2.6760327299776843,2
Unknown,2020-11-18,2.560260634374239,NULL
Unknown,2020-11-19,2.64288527818808,NULL
Unknown,2020-11-20,2.6080918467583527,NULL
Unknown,2020-11-21,2.4015019762845853,NULL
Unknown,2020-11-22,2.3235583153347736,NULL
Unknown,2020-11-23,2.6683410256410256,NULL
Unknown,2020-11-24,2.5961389023797956,NULL
Unknown,2020-11-25,2.5860040211108295,NULL
Unknown,2020-11-26,2.1827820636451296,NULL
Unknown,2020-11-27,2.590440621065885,NULL
Unknown,2020-11-28,2.4399398194583752,NULL
Unknown,2020-11-29,2.3864512195121947,NULL
Unknown,2020-11-30,2.5123303916161053,NULL
Unknown,2020-12-01,2.5050375745011664,NULL
Unknown,2020-12-02,2.449035639412993,NULL
Unknown,2020-12-03,2.468290128305841,NULL
Unknown,2020-12-04,2.4733894791396724,NULL
Unknown,2020-12-05,2.411635786130229,NULL
Unknown,2020-12-06,2.3492604676454616,NULL
Unknown,2020-12-07,2.4203278688524583,NULL
Unknown,2020-12-08,2.4002479757085013,NULL
Unknown,2020-12-09,2.3841455618391905,NULL
Unknown,2020-12-10,2.424294161123432,NULL
Unknown,2020-12-11,2.3590636254501813,NULL
Unknown,2020-12-12,2.2674245835209383,NULL
Unknown,2020-12-13,2.2987518721917133,NULL
Unknown,2020-12-14,2.458729582577131,NULL
Unknown,2020-12-15,2.43762679425837,NULL
Unknown,2020-12-16,2.466216051266406,NULL
Unknown,2020-12-17,2.509445067264574,NULL
Unknown,2020-12-18,2.4364059196617336,NULL
Unknown,2020-12-19,2.322408575031529,NULL
Unknown,2020-12-20,2.326246691371097,NULL
Unknown,2020-12-21,2.466035079051381,NULL
Unknown,2020-12-22,2.4508614864864886,NULL
Unknown,2020-12-23,2.4134111393575215,NULL
Unknown,2020-12-24,2.2297403024326115,NULL
Unknown,2020-12-25,2.414496800465388,NULL
Unknown,2020-12-26,2.3027257240204437,NULL
Unknown,2020-12-27,2.3138737201365194,NULL
Unknown,2020-12-28,2.507213785046728,NULL
Unknown,2020-12-29,2.528161907402271,NULL
Unknown,2020-12-30,2.4521197540764548,NULL
Unknown,2020-12-31,2.3931101321585904,NULL
